住宅價格月指數類別,月指數,季移動平均數,半年移動平均數,月指數變動率,季移動平均數變動率,半年移動平均數變動率,標準住宅總價,標準住宅單價
全市公寓,98.93 ,0,0.00 ,0,0,0,1281.00 ,42.68 
全市公寓,98.93 ,0.00 ,0.00 ,0.0001,0,0,1281.00 ,42.69 
全市公寓,98.47 ,98.78 ,0.00 ,-0.0047,0,0,1275.00 ,42.49 
全市公寓,98.01 ,98.47 ,0.00 ,-0.0047,-0.0031,0,1269.00 ,42.29 
全市公寓,99.13 ,98.54 ,0.00 ,0.0114,0.0007,0,1283.00 ,42.77 
全市公寓,97.39 ,98.18 ,98.48 ,-0.0175,-0.0037,0,1261.00 ,42.02 
全市公寓,96.50 ,97.67 ,98.07 ,-0.0091,-0.0051,-0.0041,1249.00 ,41.64 
全市公寓,101.90 ,98.60 ,98.57 ,0.0559,0.0095,0.005,1319.00 ,43.97 
全市公寓,105.20 ,101.20 ,99.69 ,0.0324,0.0264,0.0114,1362.00 ,45.39 
全市公寓,104.59 ,103.90 ,100.79 ,-0.0058,0.0266,0.011,1354.00 ,45.13 
全市公寓,104.64 ,104.81 ,101.70 ,0.0005,0.0088,0.0091,1354.00 ,45.15 
全市公寓,107.24 ,105.49 ,103.34 ,0.0248,0.0065,0.0161,1388.00 ,46.27 
全市公寓,108.02 ,106.63 ,105.26 ,0.0073,0.0108,0.0186,1398.00 ,46.61 
全市公寓,108.70 ,107.99 ,106.40 ,0.0062,0.0127,0.0108,1407.00 ,46.90 
全市公寓,109.88 ,108.87 ,107.18 ,0.0108,0.0081,0.0073,1422.00 ,47.41 
全市公寓,109.05 ,109.21 ,107.92 ,-0.0075,0.0031,0.0069,1412.00 ,47.05 
全市公寓,108.56 ,109.16 ,108.57 ,-0.0044,-0.0004,0.0061,1405.00 ,46.84 
全市公寓,111.93 ,109.85 ,109.36 ,0.031,0.0063,0.0072,1449.00 ,48.29 
全市公寓,111.39 ,110.63 ,109.92 ,-0.0047,0.0071,0.0051,1442.00 ,48.06 
全市公寓,111.19 ,111.50 ,110.33 ,-0.0019,0.0079,0.0038,1439.00 ,47.97 
全市公寓,112.43 ,111.67 ,110.76 ,0.0111,0.0015,0.0039,1455.00 ,48.51 
全市公寓,114.64 ,112.75 ,111.69 ,0.0197,0.0097,0.0084,1484.00 ,49.46 
全市公寓,109.76 ,112.27 ,111.89 ,-0.0426,-0.0042,0.0018,1421.00 ,47.36 
全市公寓,109.65 ,111.35 ,111.51 ,-0.001,-0.0083,-0.0034,1419.00 ,47.31 
全市公寓,108.51 ,109.31 ,111.03 ,-0.0103,-0.0183,-0.0043,1405.00 ,46.82 
全市公寓,108.52 ,108.89 ,110.58 ,0,-0.0038,-0.004,1405.00 ,46.82 
全市公寓,109.53 ,108.85 ,110.10 ,0.0094,-0.0003,-0.0044,1418.00 ,47.26 
全市公寓,109.42 ,109.16 ,109.23 ,-0.001,0.0028,-0.0079,1416.00 ,47.21 
全市公寓,109.54 ,109.50 ,109.19 ,0.0011,0.0031,-0.0003,1418.00 ,47.26 
全市公寓,109.55 ,109.50 ,109.18 ,0.0001,0.0001,-0.0001,1418.00 ,47.27 
全市公寓,111.39 ,110.16 ,109.66 ,0.0168,0.006,0.0044,1442.00 ,48.06 
全市公寓,108.54 ,109.83 ,109.66 ,-0.0255,-0.003,0,1405.00 ,46.83 
全市公寓,107.01 ,108.98 ,109.24 ,-0.0141,-0.0077,-0.0038,1385.00 ,46.17 
全市公寓,110.07 ,108.54 ,109.35 ,0.0285,-0.0041,0.001,1425.00 ,47.49 
全市公寓,111.24 ,109.44 ,109.64 ,0.0107,0.0083,0.0026,1440.00 ,48.00 
全市公寓,110.22 ,110.51 ,109.75 ,-0.0091,0.0098,0.001,1427.00 ,47.56 
全市公寓,112.63 ,111.37 ,109.95 ,0.0218,0.0077,0.0019,1458.00 ,48.60 
全市公寓,110.14 ,111.00 ,110.22 ,-0.0221,-0.0033,0.0024,1426.00 ,47.52 
全市公寓,107.79 ,110.19 ,110.35 ,-0.0213,-0.0073,0.0012,1395.00 ,46.51 
全市公寓,108.83 ,108.92 ,110.14 ,0.0096,-0.0115,-0.0019,1409.00 ,46.96 
全市公寓,109.65 ,108.76 ,109.88 ,0.0075,-0.0015,-0.0024,1419.00 ,47.31 
全市公寓,107.58 ,108.69 ,109.44 ,-0.0189,-0.0007,-0.004,1393.00 ,46.42 
全市公寓,108.30 ,108.51 ,108.72 ,0.0068,-0.0016,-0.0066,1402.00 ,46.73 
全市公寓,106.74 ,107.54 ,108.15 ,-0.0145,-0.0089,-0.0052,1382.00 ,46.05 
全市公寓,105.66 ,106.90 ,107.79 ,-0.0101,-0.0059,-0.0033,1368.00 ,45.59 
全市公寓,105.68 ,106.03 ,107.27 ,0.0002,-0.0082,-0.0049,1368.00 ,45.60 
全市公寓,105.88 ,105.74 ,106.64 ,0.0019,-0.0027,-0.0058,1371.00 ,45.69 
全市公寓,102.22 ,104.60 ,105.75 ,-0.0346,-0.0108,-0.0084,1323.00 ,44.11 
全市公寓,100.13 ,102.74 ,104.39 ,-0.0205,-0.0177,-0.0129,1296.00 ,43.20 
全市公寓,102.18 ,101.51 ,103.63 ,0.0205,-0.012,-0.0073,1323.00 ,44.09 
全市公寓,101.90 ,101.40 ,103.00 ,-0.0027,-0.0011,-0.0061,1319.00 ,43.97 
全市公寓,98.89 ,100.99 ,101.87 ,-0.0296,-0.0041,-0.011,1280.00 ,42.67 
全市公寓,97.13 ,99.31 ,100.41 ,-0.0177,-0.0167,-0.0143,1257.00 ,41.91 
全市公寓,97.84 ,97.95 ,99.68 ,0.0073,-0.0136,-0.0073,1266.00 ,42.21 
全市公寓,101.17 ,98.71 ,99.85 ,0.0341,0.0078,0.0017,1310.00 ,43.65 
全市公寓,100.31 ,99.77 ,99.54 ,-0.0085,0.0107,-0.0031,1298.00 ,43.28 
全市公寓,100.57 ,100.68 ,99.32 ,0.0025,0.0091,-0.0022,1302.00 ,43.39 
全市公寓,103.21 ,101.36 ,100.04 ,0.0263,0.0068,0.0073,1336.00 ,44.53 
全市公寓,104.57 ,102.78 ,101.28 ,0.0131,0.014,0.0124,1354.00 ,45.12 
全市公寓,106.28 ,104.69 ,102.68 ,0.0163,0.0185,0.0139,1376.00 ,45.86 
全市公寓,102.09 ,104.31 ,102.84 ,-0.0394,-0.0036,0.0015,1321.00 ,44.05 
全市公寓,105.99 ,104.79 ,103.78 ,0.0382,0.0045,0.0092,1372.00 ,45.73 
全市公寓,102.56 ,103.55 ,104.12 ,-0.0323,-0.0118,0.0032,1328.00 ,44.25 
全市公寓,105.97 ,104.84 ,104.58 ,0.0332,0.0125,0.0044,1372.00 ,45.72 
全市公寓,103.18 ,103.90 ,104.34 ,-0.0263,-0.0089,-0.0022,1336.00 ,44.52 
全市公寓,99.32 ,102.82 ,103.18 ,-0.0375,-0.0104,-0.0111,1286.00 ,42.85 
全市公寓,97.50 ,100.00 ,102.42 ,-0.0183,-0.0274,-0.0074,1262.00 ,42.07 
全市公寓,99.46 ,98.76 ,101.33 ,0.0201,-0.0124,-0.0106,1287.00 ,42.92 
全市公寓,101.66 ,99.54 ,101.18 ,0.0221,0.0079,-0.0015,1316.00 ,43.86 
全市公寓,100.38 ,100.50 ,100.25 ,-0.0126,0.0096,-0.0092,1299.00 ,43.31 
全市公寓,99.23 ,100.43 ,99.59 ,-0.0114,-0.0008,-0.0066,1284.00 ,42.82 
全市公寓,97.97 ,99.20 ,99.37 ,-0.0127,-0.0122,-0.0023,1268.00 ,42.27 
全市公寓,99.69 ,98.96 ,99.73 ,0.0175,-0.0023,0.0037,1290.00 ,43.01 
全市公寓,99.63 ,99.09 ,99.76 ,-0.0006,0.0013,0.0003,1290.00 ,42.99 
全市公寓,100.17 ,99.83 ,99.51 ,0.0054,0.0074,-0.0025,1297.00 ,43.22 
全市公寓,103.73 ,101.18 ,100.07 ,0.0356,0.0135,0.0056,1343.00 ,44.76 
全市公寓,101.25 ,101.72 ,100.41 ,-0.0239,0.0054,0.0034,1311.00 ,43.69 
全市公寓,100.24 ,101.74 ,100.78 ,-0.01,0.0002,0.0038,1298.00 ,43.25 
全市公寓,102.10 ,101.20 ,101.19 ,0.0186,-0.0053,0.004,1322.00 ,44.05 
全市公寓,103.64 ,101.99 ,101.86 ,0.015,0.0078,0.0066,1341.00 ,44.72 
全市公寓,102.91 ,102.88 ,102.31 ,-0.007,0.0087,0.0045,1332.00 ,44.40 
全市公寓,101.70 ,102.75 ,101.97 ,-0.0118,-0.0013,-0.0033,1316.00 ,43.88 
全市公寓,101.01 ,101.87 ,101.93 ,-0.0068,-0.0085,-0.0004,1307.00 ,43.58 
全市公寓,99.38 ,100.70 ,101.79 ,-0.0161,-0.0115,-0.0014,1286.00 ,42.88 
全市公寓,99.08 ,99.82 ,101.29 ,-0.003,-0.0087,-0.0049,1283.00 ,42.75 
全市公寓,98.84 ,99.10 ,100.49 ,-0.0024,-0.0072,-0.0079,1279.00 ,42.65 
全市公寓,102.13 ,100.02 ,100.36 ,0.0333,0.0092,-0.0013,1322.00 ,44.07 
全市公寓,104.12 ,101.70 ,100.76 ,0.0195,0.0168,0.004,1348.00 ,44.93 
全市公寓,103.60 ,103.28 ,101.19 ,-0.005,0.0156,0.0043,1341.00 ,44.70 
全市公寓,103.07 ,103.60 ,101.81 ,-0.0051,0.003,0.0061,1334.00 ,44.47 
全市公寓,101.35 ,102.67 ,102.19 ,-0.0167,-0.0089,0.0037,1312.00 ,43.73 
全市公寓,100.73 ,101.72 ,102.50 ,-0.0061,-0.0093,0.0031,1304.00 ,43.46 
全市公寓,99.83 ,100.64 ,102.12 ,-0.0089,-0.0106,-0.0037,1292.00 ,43.07 
全市公寓,101.14 ,100.57 ,101.62 ,0.0131,-0.0007,-0.0049,1309.00 ,43.64 
全市公寓,101.68 ,100.88 ,101.30 ,0.0053,0.0031,-0.0031,1316.00 ,43.87 
全市公寓,100.85 ,101.22 ,100.93 ,-0.0082,0.0034,-0.0037,1305.00 ,43.51 
全市公寓,100.98 ,101.17 ,100.87 ,0.0013,-0.0005,-0.0006,1307.00 ,43.57 
全市公寓,102.64 ,101.49 ,101.19 ,0.0164,0.0032,0.0032,1329.00 ,44.29 
全市公寓,103.72 ,102.45 ,101.84 ,0.0105,0.0094,0.0064,1343.00 ,44.75 
全市公寓,106.06 ,104.14 ,102.66 ,0.0226,0.0165,0.0081,1373.00 ,45.76 
全市公寓,105.82 ,105.20 ,103.35 ,-0.0023,0.0102,0.0067,1370.00 ,45.66 
全市公寓,105.27 ,105.72 ,104.08 ,-0.0052,0.0049,0.0071,1363.00 ,45.42 
全市公寓,105.89 ,105.66 ,104.90 ,0.0059,-0.0005,0.0079,1371.00 ,45.69 
全市大樓,83.61 ,0.00 ,0.00 ,0,0,0,1747.00 ,48.95 
全市大樓,83.92 ,0.00 ,0.00 ,0.0038,0,0,1754.00 ,49.13 
全市大樓,84.44 ,83.99 ,0.00 ,0.0062,0,0,1765.00 ,49.43 
全市大樓,84.10 ,84.15 ,0.00 ,-0.004,0.002,0,1758.00 ,49.23 
全市大樓,88.15 ,85.56 ,0.00 ,0.0482,0.0168,0,1842.00 ,51.61 
全市大樓,87.34 ,86.53 ,85.26 ,-0.0092,0.0113,0,1825.00 ,51.13 
全市大樓,86.52 ,87.34 ,85.75 ,-0.0094,0.0093,0.0057,1808.00 ,50.65 
全市大樓,89.55 ,87.80 ,86.68 ,0.035,0.0053,0.0109,1871.00 ,52.42 
全市大樓,91.46 ,89.18 ,87.85 ,0.0214,0.0156,0.0135,1911.00 ,53.54 
全市大樓,92.51 ,91.17 ,89.25 ,0.0114,0.0224,0.0159,1933.00 ,54.16 
全市大樓,93.17 ,92.38 ,90.09 ,0.0072,0.0132,0.0094,1947.00 ,54.54 
全市大樓,93.67 ,93.11 ,91.14 ,0.0053,0.008,0.0117,1958.00 ,54.83 
全市大樓,95.31 ,94.05 ,92.61 ,0.0175,0.01,0.0161,1992.00 ,55.79 
全市大樓,94.72 ,94.56 ,93.47 ,-0.0062,0.0055,0.0093,1980.00 ,55.45 
全市大樓,94.48 ,94.83 ,93.97 ,-0.0026,0.0029,0.0054,1975.00 ,55.31 
全市大樓,95.81 ,95.00 ,94.52 ,0.0141,0.0018,0.0059,2002.00 ,56.09 
全市大樓,98.53 ,96.27 ,95.42 ,0.0284,0.0134,0.0095,2059.00 ,57.68 
全市大樓,99.58 ,97.97 ,96.40 ,0.0106,0.0177,0.0103,2081.00 ,58.29 
全市大樓,99.69 ,99.26 ,97.13 ,0.0011,0.0132,0.0076,2083.00 ,58.36 
全市大樓,98.38 ,99.21 ,97.74 ,-0.0132,-0.0005,0.0063,2056.00 ,57.59 
全市大樓,97.61 ,98.56 ,98.26 ,-0.0078,-0.0066,0.0053,2040.00 ,57.14 
全市大樓,101.05 ,99.01 ,99.14 ,0.0352,0.0046,0.0089,2112.00 ,59.16 
全市大樓,101.20 ,99.95 ,99.58 ,0.0015,0.0095,0.0045,2115.00 ,59.24 
全市大樓,102.06 ,101.43 ,99.99 ,0.0085,0.0148,0.0042,2133.00 ,59.75 
全市大樓,101.90 ,101.72 ,100.36 ,-0.0015,0.0028,0.0037,2130.00 ,59.66 
全市大樓,99.75 ,101.24 ,100.59 ,-0.0211,-0.0047,0.0023,2085.00 ,58.40 
全市大樓,99.45 ,100.37 ,100.90 ,-0.0031,-0.0086,0.0031,2078.00 ,58.22 
全市大樓,102.11 ,100.44 ,101.08 ,0.0267,0.0007,0.0018,2134.00 ,59.78 
全市大樓,101.45 ,101.00 ,101.12 ,-0.0064,0.0056,0.0004,2120.00 ,59.39 
全市大樓,101.21 ,101.59 ,100.98 ,-0.0024,0.0058,-0.0014,2115.00 ,59.25 
全市大樓,98.71 ,100.45 ,100.44 ,-0.0247,-0.0112,-0.0053,2063.00 ,57.79 
全市大樓,99.21 ,99.71 ,100.35 ,0.0051,-0.0074,-0.0009,2073.00 ,58.08 
全市大樓,102.59 ,100.17 ,100.88 ,0.0341,0.0046,0.0052,2144.00 ,60.06 
全市大樓,104.34 ,102.05 ,101.25 ,0.017,0.0187,0.0037,2181.00 ,61.08 
全市大樓,103.31 ,103.41 ,101.56 ,-0.0098,0.0134,0.0031,2159.00 ,60.48 
全市大樓,102.87 ,103.51 ,101.84 ,-0.0042,0.0009,0.0027,2150.00 ,60.23 
全市大樓,101.50 ,102.56 ,102.30 ,-0.0134,-0.0091,0.0046,2121.00 ,59.42 
全市大樓,101.88 ,102.08 ,102.75 ,0.0037,-0.0047,0.0043,2129.00 ,59.64 
全市大樓,100.09 ,101.15 ,102.33 ,-0.0176,-0.0091,-0.0041,2092.00 ,58.59 
全市大樓,98.66 ,100.21 ,101.38 ,-0.0143,-0.0094,-0.0092,2062.00 ,57.76 
全市大樓,96.71 ,98.49 ,100.28 ,-0.0197,-0.0172,-0.0109,2021.00 ,56.62 
全市大樓,96.17 ,97.18 ,99.17 ,-0.0056,-0.0133,-0.0111,2010.00 ,56.30 
全市大樓,95.69 ,96.19 ,98.20 ,-0.005,-0.0102,-0.0098,2000.00 ,56.02 
全市大樓,97.30 ,96.39 ,97.44 ,0.0168,0.002,-0.0078,2034.00 ,56.96 
全市大樓,98.18 ,97.06 ,97.12 ,0.0091,0.007,-0.0033,2052.00 ,57.48 
全市大樓,95.72 ,97.07 ,96.63 ,-0.0251,0.0001,-0.005,2001.00 ,56.04 
全市大樓,94.93 ,96.28 ,96.33 ,-0.0083,-0.0081,-0.0031,1984.00 ,55.57 
全市大樓,97.43 ,96.03 ,96.54 ,0.0263,-0.0026,0.0022,2036.00 ,57.04 
全市大樓,100.43 ,97.60 ,97.33 ,0.0308,0.0164,0.0082,2099.00 ,58.80 
全市大樓,97.78 ,98.55 ,97.41 ,-0.0264,0.0097,0.0008,2044.00 ,57.25 
全市大樓,99.10 ,99.11 ,97.57 ,0.0135,0.0057,0.0016,2071.00 ,58.02 
全市大樓,100.05 ,98.98 ,98.29 ,0.0096,-0.0013,0.0074,2091.00 ,58.57 
全市大樓,101.57 ,100.24 ,99.40 ,0.0152,0.0128,0.0113,2123.00 ,59.46 
全市大樓,99.83 ,100.48 ,99.80 ,-0.0172,0.0024,0.004,2086.00 ,58.44 
全市大樓,98.81 ,100.07 ,99.53 ,-0.0101,-0.0041,-0.0027,2065.00 ,57.85 
全市大樓,97.59 ,98.75 ,99.49 ,-0.0124,-0.0132,-0.0003,2040.00 ,57.13 
全市大樓,95.80 ,97.40 ,98.94 ,-0.0184,-0.0136,-0.0055,2002.00 ,56.08 
全市大樓,96.97 ,96.79 ,98.43 ,0.0122,-0.0063,-0.0052,2027.00 ,56.77 
全市大樓,97.06 ,96.61 ,97.68 ,0.001,-0.0018,-0.0076,2029.00 ,56.82 
全市大樓,96.60 ,96.87 ,97.14 ,-0.0047,0.0028,-0.0055,2019.00 ,56.55 
全市大樓,99.28 ,97.64 ,97.22 ,0.0277,0.008,0.0008,2075.00 ,58.12 
全市大樓,101.33 ,99.07 ,97.84 ,0.0207,0.0146,0.0064,2118.00 ,59.32 
全市大樓,100.45 ,100.35 ,98.61 ,-0.0087,0.013,0.0079,2099.00 ,58.81 
全市大樓,101.83 ,101.20 ,99.42 ,0.0137,0.0085,0.0082,2128.00 ,59.61 
全市大樓,101.39 ,101.23 ,100.15 ,-0.0042,0.0002,0.0073,2119.00 ,59.36 
全市大樓,102.78 ,102.00 ,101.18 ,0.0136,0.0076,0.0103,2148.00 ,60.17 
全市大樓,103.12 ,102.43 ,101.82 ,0.0034,0.0042,0.0063,2155.00 ,60.37 
全市大樓,100.29 ,102.06 ,101.64 ,-0.0274,-0.0036,-0.0017,2096.00 ,58.71 
全市大樓,99.26 ,100.89 ,101.45 ,-0.0102,-0.0115,-0.002,2075.00 ,58.11 
全市大樓,101.21 ,100.25 ,101.34 ,0.0196,-0.0063,-0.001,2115.00 ,59.25 
全市大樓,101.84 ,100.77 ,101.42 ,0.0062,0.0051,0.0007,2128.00 ,59.62 
全市大樓,102.81 ,101.95 ,101.42 ,0.0095,0.0117,0,2149.00 ,60.19 
全市大樓,99.78 ,101.47 ,100.86 ,-0.0294,-0.0047,-0.0055,2085.00 ,58.41 
全市大樓,99.09 ,100.56 ,100.66 ,-0.0069,-0.009,-0.002,2071.00 ,58.01 
全市大樓,97.00 ,98.62 ,100.29 ,-0.021,-0.0192,-0.0037,2027.00 ,56.79 
全市大樓,96.32 ,97.47 ,99.47 ,-0.007,-0.0117,-0.0081,2013.00 ,56.39 
全市大樓,96.51 ,96.61 ,98.58 ,0.0019,-0.0088,-0.0089,2017.00 ,56.50 
全市大樓,98.07 ,96.97 ,97.79 ,0.0162,0.0037,-0.008,2050.00 ,57.41 
全市大樓,97.40 ,97.33 ,97.40 ,-0.0068,0.0037,-0.0041,2036.00 ,57.02 
全市大樓,99.10 ,98.19 ,97.40 ,0.0174,0.0089,0,2071.00 ,58.01 
全市大樓,97.29 ,97.93 ,97.45 ,-0.0182,-0.0026,0.0005,2033.00 ,56.96 
全市大樓,98.20 ,98.20 ,97.76 ,0.0094,0.0027,0.0032,2052.00 ,57.49 
全市大樓,99.43 ,98.31 ,98.25 ,0.0125,0.0011,0.005,2078.00 ,58.21 
全市大樓,98.57 ,98.73 ,98.33 ,-0.0086,0.0043,0.0008,2060.00 ,57.71 
全市大樓,98.90 ,98.97 ,98.58 ,0.0033,0.0024,0.0025,2067.00 ,57.90 
全市大樓,99.71 ,99.06 ,98.68 ,0.0082,0.0009,0.001,2084.00 ,58.37 
全市大樓,98.36 ,98.99 ,98.86 ,-0.0135,-0.0007,0.0018,2056.00 ,57.58 
全市大樓,100.98 ,99.68 ,99.33 ,0.0266,0.007,0.0047,2110.00 ,59.12 
全市大樓,102.32 ,100.55 ,99.81 ,0.0133,0.0087,0.0048,2139.00 ,59.90 
全市大樓,103.32 ,102.21 ,100.60 ,0.0098,0.0164,0.0079,2159.00 ,60.49 
全市大樓,103.44 ,103.03 ,101.36 ,0.0012,0.008,0.0075,2162.00 ,60.56 
全市大樓,104.16 ,103.64 ,102.10 ,0.007,0.006,0.0073,2177.00 ,60.98 
全市大樓,104.13 ,103.91 ,103.06 ,-0.0003,0.0026,0.0094,2176.00 ,60.96 
全市大樓,104.38 ,104.22 ,103.63 ,0.0024,0.003,0.0055,2182.00 ,61.11 
全市大樓,104.25 ,104.25 ,103.95 ,-0.0012,0.0003,0.0031,2179.00 ,61.03 
全市大樓,104.30 ,104.31 ,104.11 ,0.0005,0.0005,0.0016,2180.00 ,61.06 
全市大樓,104.36 ,104.30 ,104.26 ,0.0006,-0.0001,0.0015,2181.00 ,61.09 
全市大樓,105.48 ,104.71 ,104.48 ,0.0107,0.0039,0.0021,2204.00 ,61.75 
全市大樓,106.14 ,105.33 ,104.82 ,0.0063,0.0059,0.0032,2218.00 ,62.14 
全市大樓,105.23 ,105.62 ,104.96 ,-0.0086,0.0028,0.0014,2199.00 ,61.61 
全市大樓,106.17 ,105.85 ,105.28 ,0.0089,0.0022,0.003,2219.00 ,62.16 
全市大樓,106.84 ,106.08 ,105.70 ,0.0063,0.0022,0.004,2233.00 ,62.55 
全市大樓,107.84 ,106.95 ,106.28 ,0.0094,0.0082,0.0055,2254.00 ,63.14 
全市小宅,82.81 ,0.00 ,0.00 ,0,0,0,715.00 ,51.11 
全市小宅,82.90 ,0.00 ,0.00 ,0.0011,0,0,716.00 ,51.16 
全市小宅,84.57 ,83.43 ,0.00 ,0.0201,0,0,731.00 ,52.19 
全市小宅,83.43 ,83.63 ,0.00 ,-0.0135,0.0025,0,721.00 ,51.49 
全市小宅,84.83 ,84.28 ,0.00 ,0.0168,0.0077,0,733.00 ,52.35 
全市小宅,84.93 ,84.40 ,83.91 ,0.0012,0.0014,0,734.00 ,52.42 
全市小宅,86.42 ,85.39 ,84.51 ,0.0175,0.0118,0.0072,747.00 ,53.34 
全市小宅,87.61 ,86.32 ,85.30 ,0.0138,0.0109,0.0093,757.00 ,54.07 
全市小宅,89.34 ,87.79 ,86.09 ,0.0197,0.017,0.0093,772.00 ,55.13 
全市小宅,91.91 ,89.62 ,87.51 ,0.0288,0.0208,0.0164,794.00 ,56.72 
全市小宅,94.31 ,91.85 ,89.09 ,0.0261,0.0249,0.0181,815.00 ,58.20 
全市小宅,93.93 ,93.38 ,90.59 ,-0.004,0.0167,0.0168,812.00 ,57.97 
全市小宅,94.91 ,94.38 ,92.00 ,0.0104,0.0107,0.0156,820.00 ,58.57 
全市小宅,97.23 ,95.36 ,93.61 ,0.0244,0.0103,0.0174,840.00 ,60.01 
全市小宅,97.29 ,96.48 ,94.93 ,0.0006,0.0117,0.0142,841.00 ,60.04 
全市小宅,97.12 ,97.21 ,95.80 ,-0.0017,0.0076,0.0091,839.00 ,59.94 
全市小宅,97.48 ,97.30 ,96.33 ,0.0037,0.0009,0.0055,842.00 ,60.16 
全市小宅,101.56 ,98.72 ,97.60 ,0.0419,0.0146,0.0132,878.00 ,62.68 
全市小宅,104.09 ,101.04 ,99.13 ,0.0249,0.0235,0.0157,899.00 ,64.24 
全市小宅,101.75 ,102.47 ,99.88 ,-0.0225,0.0141,0.0076,879.00 ,62.80 
全市小宅,102.21 ,102.68 ,100.70 ,0.0045,0.0021,0.0082,883.00 ,63.08 
全市小宅,104.30 ,102.75 ,101.90 ,0.0204,0.0007,0.0119,901.00 ,64.37 
全市小宅,103.44 ,103.32 ,102.89 ,-0.0082,0.0055,0.0097,894.00 ,63.84 
全市小宅,105.30 ,104.35 ,103.52 ,0.018,0.01,0.0061,910.00 ,64.98 
全市小宅,103.60 ,104.11 ,103.43 ,-0.0161,-0.0022,-0.0008,895.00 ,63.94 
全市小宅,101.90 ,103.60 ,103.46 ,-0.0164,-0.0049,0.0002,880.00 ,62.89 
全市小宅,102.01 ,102.50 ,103.43 ,0.0011,-0.0106,-0.0003,881.00 ,62.96 
全市小宅,106.68 ,103.53 ,103.82 ,0.0458,0.01,0.0038,922.00 ,65.84 
全市小宅,103.85 ,104.18 ,103.89 ,-0.0265,0.0063,0.0007,897.00 ,64.09 
全市小宅,102.79 ,104.44 ,103.47 ,-0.0102,0.0025,-0.004,888.00 ,63.44 
全市小宅,102.08 ,102.91 ,103.22 ,-0.0069,-0.0147,-0.0024,882.00 ,63.00 
全市小宅,103.77 ,102.88 ,103.53 ,0.0166,-0.0003,0.003,897.00 ,64.04 
全市小宅,102.72 ,102.86 ,103.65 ,-0.0101,-0.0002,0.0011,888.00 ,63.40 
全市小宅,104.95 ,103.81 ,103.36 ,0.0217,0.0093,-0.0028,907.00 ,64.77 
全市小宅,105.27 ,104.31 ,103.60 ,0.003,0.0048,0.0023,910.00 ,64.97 
全市小宅,102.87 ,104.36 ,103.61 ,-0.0228,0.0005,0.0001,889.00 ,63.49 
全市小宅,99.83 ,102.66 ,103.24 ,-0.0296,-0.0164,-0.0036,863.00 ,61.61 
全市小宅,100.28 ,100.99 ,102.65 ,0.0045,-0.0162,-0.0056,866.00 ,61.89 
全市小宅,100.12 ,100.08 ,102.22 ,-0.0016,-0.0091,-0.0042,865.00 ,61.79 
全市小宅,101.00 ,100.47 ,101.56 ,0.0088,0.0039,-0.0064,873.00 ,62.33 
全市小宅,99.32 ,100.15 ,100.57 ,-0.0166,-0.0032,-0.0098,858.00 ,61.29 
全市小宅,99.35 ,99.89 ,99.98 ,0.0003,-0.0026,-0.0058,858.00 ,61.31 
全市小宅,98.00 ,98.89 ,99.68 ,-0.0136,-0.01,-0.0031,847.00 ,60.48 
全市小宅,98.21 ,98.52 ,99.33 ,0.0021,-0.0037,-0.0035,849.00 ,60.61 
全市小宅,97.34 ,97.85 ,98.87 ,-0.0089,-0.0068,-0.0047,841.00 ,60.08 
全市小宅,99.63 ,98.39 ,98.64 ,0.0235,0.0056,-0.0023,861.00 ,61.49 
全市小宅,100.73 ,99.23 ,98.88 ,0.011,0.0085,0.0024,870.00 ,62.17 
全市小宅,98.97 ,99.78 ,98.81 ,-0.0175,0.0055,-0.0006,855.00 ,61.08 
全市小宅,99.52 ,99.74 ,99.07 ,0.0056,-0.0004,0.0026,860.00 ,61.42 
全市小宅,98.69 ,99.06 ,99.15 ,-0.0083,-0.0068,0.0008,853.00 ,60.91 
全市小宅,97.56 ,98.59 ,99.18 ,-0.0114,-0.0047,0.0004,843.00 ,60.21 
全市小宅,96.41 ,97.55 ,98.65 ,-0.0118,-0.0105,-0.0054,833.00 ,59.50 
全市小宅,99.00 ,97.66 ,98.36 ,0.0269,0.0011,-0.0029,855.00 ,61.10 
全市小宅,95.76 ,97.06 ,97.82 ,-0.0327,-0.0061,-0.0054,827.00 ,59.10 
全市小宅,96.40 ,97.05 ,97.30 ,0.0067,0,-0.0053,833.00 ,59.49 
全市小宅,95.82 ,95.99 ,96.83 ,-0.006,-0.0109,-0.0049,828.00 ,59.14 
全市小宅,96.85 ,96.36 ,96.71 ,0.0107,0.0038,-0.0012,837.00 ,59.77 
全市小宅,99.02 ,97.23 ,97.14 ,0.0224,0.0091,0.0045,856.00 ,61.11 
全市小宅,100.16 ,98.68 ,97.34 ,0.0115,0.0149,0.002,865.00 ,61.81 
全市小宅,98.91 ,99.36 ,97.86 ,-0.0125,0.007,0.0054,855.00 ,61.04 
全市小宅,96.82 ,98.63 ,97.93 ,-0.0211,-0.0074,0.0007,837.00 ,59.75 
全市小宅,98.95 ,98.23 ,98.45 ,0.022,-0.0041,0.0053,855.00 ,61.07 
全市小宅,96.66 ,97.48 ,98.42 ,-0.0231,-0.0076,-0.0003,835.00 ,59.66 
全市小宅,98.69 ,98.10 ,98.37 ,0.021,0.0064,-0.0006,853.00 ,60.91 
全市小宅,98.96 ,98.10 ,98.17 ,0.0027,0,-0.002,855.00 ,61.07 
全市小宅,101.23 ,99.63 ,98.55 ,0.0229,0.0155,0.0039,875.00 ,62.48 
全市小宅,99.08 ,99.76 ,98.93 ,-0.0212,0.0013,0.0038,856.00 ,61.14 
全市小宅,97.35 ,99.22 ,98.66 ,-0.0175,-0.0054,-0.0027,841.00 ,60.08 
全市小宅,99.31 ,98.58 ,99.10 ,0.0201,-0.0065,0.0045,858.00 ,61.29 
全市小宅,100.24 ,98.97 ,99.36 ,0.0094,0.0039,0.0026,866.00 ,61.86 
全市小宅,101.63 ,100.39 ,99.81 ,0.0139,0.0144,0.0045,878.00 ,62.72 
全市小宅,101.82 ,101.23 ,99.91 ,0.0019,0.0083,0.001,880.00 ,62.84 
全市小宅,99.21 ,100.89 ,99.93 ,-0.0256,-0.0034,0.0002,857.00 ,61.23 
全市小宅,97.20 ,99.41 ,99.90 ,-0.0203,-0.0146,-0.0003,840.00 ,59.99 
全市小宅,99.04 ,98.48 ,99.86 ,0.0189,-0.0093,-0.0005,856.00 ,61.12 
全市小宅,100.12 ,98.79 ,99.84 ,0.0109,0.0031,-0.0002,865.00 ,61.79 
全市小宅,102.81 ,100.66 ,100.03 ,0.0269,0.0189,0.002,888.00 ,63.45 
全市小宅,101.47 ,101.47 ,99.98 ,-0.013,0.008,-0.0006,877.00 ,62.62 
全市小宅,99.62 ,101.30 ,100.04 ,-0.0182,-0.0016,0.0007,861.00 ,61.48 
全市小宅,98.41 ,99.83 ,100.25 ,-0.0121,-0.0145,0.002,850.00 ,60.73 
全市小宅,100.07 ,99.37 ,100.42 ,0.0169,-0.0047,0.0017,865.00 ,61.76 
全市小宅,100.62 ,99.70 ,100.50 ,0.0055,0.0034,0.0008,869.00 ,62.10 
全市小宅,100.33 ,100.34 ,100.09 ,-0.0029,0.0064,-0.0041,867.00 ,61.92 
全市小宅,99.19 ,100.05 ,99.71 ,-0.0114,-0.0029,-0.0038,857.00 ,61.21 
全市小宅,100.78 ,100.10 ,99.90 ,0.016,0.0005,0.0019,871.00 ,62.19 
全市小宅,100.86 ,100.28 ,100.31 ,0.0008,0.0018,0.0041,871.00 ,62.25 
全市小宅,100.47 ,100.70 ,100.38 ,-0.0039,0.0043,0.0007,868.00 ,62.00 
全市小宅,99.93 ,100.42 ,100.26 ,-0.0054,-0.0028,-0.0011,863.00 ,61.67 
全市小宅,99.66 ,100.02 ,100.15 ,-0.0027,-0.004,-0.0011,861.00 ,61.51 
全市小宅,100.75 ,100.11 ,100.41 ,0.0109,0.0009,0.0026,870.00 ,62.18 
全市小宅,101.59 ,100.67 ,100.54 ,0.0083,0.0055,0.0013,878.00 ,62.70 
全市小宅,102.12 ,101.49 ,100.75 ,0.0052,0.0081,0.0021,882.00 ,63.02 
全市小宅,101.31 ,101.67 ,100.89 ,-0.0079,0.0018,0.0014,875.00 ,62.53 
全市小宅,100.27 ,101.23 ,100.95 ,-0.0103,-0.0043,0.0006,866.00 ,61.88 
全市小宅,100.58 ,100.72 ,101.10 ,0.0031,-0.0051,0.0015,869.00 ,62.07 
全市小宅,102.70 ,101.18 ,101.43 ,0.0211,0.0046,0.0032,887.00 ,63.38 
全市小宅,104.15 ,102.48 ,101.86 ,0.0141,0.0128,0.0042,900.00 ,64.28 
全市小宅,103.64 ,103.50 ,102.11 ,-0.0049,0.01,0.0025,895.00 ,63.96 
全市小宅,103.25 ,103.68 ,102.43 ,-0.0038,0.0018,0.0032,892.00 ,63.72 
全市小宅,104.07 ,103.65 ,103.07 ,0.0079,-0.0003,0.0062,899.00 ,64.23 
全市小宅,103.65 ,103.66 ,103.58 ,-0.004,0,0.005,896.00 ,63.97 
全市小宅,103.49 ,103.74 ,103.71 ,-0.0015,0.0008,0.0013,894.00 ,63.87 
全市小宅,105.12 ,104.09 ,103.87 ,0.0158,0.0034,0.0016,908.00 ,64.87 
